gene_id	gene_name	baseMean	log2FoldChange	pvalue	padj	direction
ENSG00000099953.10	MMP11	24223.670059404	6.2781134368821	0	0	Upregulated
ENSG00000101605.13	MYOM1	558.633963938908	-4.76431637109354	0	0	Downregulated
ENSG00000119927.14	GPAM	4815.76790132457	-4.43016805876684	0	0	Downregulated
ENSG00000123500.10	COL10A1	8544.6749614221	7.12812738754559	0	0	Upregulated
ENSG00000117650.13	NEK2	1467.79894227832	4.25332159230857	1.17834656533137e-318	6.23274632266376e-315	Upregulated
ENSG00000230838.1	LINC01614	303.868886875228	5.56056852338724	2.41423887427143e-293	1.06415625846428e-289	Upregulated
ENSG00000022267.19	FHL1	9076.08245348113	-5.03083219120299	7.68857400446127e-285	2.90485309565696e-281	Downregulated
ENSG00000079308.19	TNS1	15043.0194133589	-3.11047776753685	2.23223242643046e-278	7.3794813727258e-275	Downregulated
ENSG00000060718.22	COL11A1	12047.5258747071	6.20002250181771	1.12244355136931e-273	3.29836273367378e-270	Upregulated
ENSG00000090889.12	KIF4A	1538.29249330013	3.85256147451859	1.52949973318929e-258	4.0450679443657e-255	Upregulated
ENSG00000133800.9	LYVE1	750.883659098458	-4.98260476297491	2.27399987948229e-257	5.46731589206075e-254	Downregulated
ENSG00000127564.17	PKMYT1	921.171746610623	4.0061960062094	8.14488467768954e-252	1.79506470892379e-248	Upregulated
ENSG00000203805.11	PLPP4	479.284792235825	4.99077738406517	2.26581561804627e-243	4.60954043465151e-240	Upregulated
ENSG00000105974.13	CAV1	8542.12504304422	-3.38836440484512	2.10850964712018e-238	3.98312533124196e-235	Downregulated
ENSG00000134962.7	KLB	365.035525525167	-4.71050257658023	8.58920736212552e-237	1.51439178070756e-233	Downregulated
ENSG00000095637.22	SORBS1	6572.98003456093	-3.66955700728344	1.5917499534912e-236	2.63106318874885e-233	Downregulated
ENSG00000170145.5	SIK2	3673.53745380727	-2.44199184098176	9.95149588361188e-235	1.54816006843461e-231	Downregulated
ENSG00000183856.11	IQGAP3	2242.68597455363	3.70632242729787	1.99116281658631e-231	2.92557127834768e-228	Upregulated
ENSG00000169418.10	NPR1	1171.09928796066	-3.61440449576016	4.13194301854279e-231	5.75144721112638e-228	Downregulated
ENSG00000173641.18	HSPB7	973.577234101111	-5.153657947052	2.92745508719438e-228	3.87112023455148e-225	Downregulated
ENSG00000163815.6	CLEC3B	442.960988906511	-3.99670032328858	6.17037097698507e-228	7.77084767753925e-225	Downregulated
ENSG00000056998.20	GYG2	2243.65760792188	-4.12431015253668	1.94697743554222e-225	2.34053237444478e-222	Downregulated
ENSG00000181856.15	SLC2A4	272.656016748573	-4.64186281330795	6.56924895180278e-225	7.55377943601426e-222	Downregulated
ENSG00000120049.20	KCNIP2	762.676157532942	-5.04356973213633	5.20050067000077e-223	5.73073505081293e-220	Downregulated
ENSG00000131471.7	AOC3	4772.50481940731	-3.99393549660554	1.71133881263799e-222	1.81039110311348e-219	Downregulated
ENSG00000175063.17	UBE2C	2248.16333971714	4.18853766948236	3.25517420630589e-222	3.31113816285277e-219	Upregulated
ENSG00000029559.7	IBSP	162.825226782781	6.96351783053206	3.23908237914445e-220	3.17274117337901e-217	Upregulated
ENSG00000158402.20	CDC25C	342.035213583155	3.41204084999703	4.17551986076066e-219	3.94392763419775e-216	Upregulated
ENSG00000088325.16	TPX2	4448.14858546029	3.5726567602315	1.35812737945508e-218	1.23856533808443e-215	Upregulated
ENSG00000123612.16	ACVR1C	563.911675156112	-5.20868300899148	2.1313439257829e-217	1.87892176017268e-214	Downregulated
ENSG00000105011.9	ASF1B	1513.54215566877	3.0612242371295	6.53589050490184e-217	5.57595794139158e-214	Upregulated
ENSG00000143228.13	NUF2	1002.46153664997	3.78184773407904	1.14341695708878e-216	9.44998383253965e-214	Upregulated
ENSG00000276043.5	UHRF1	1234.70167658398	3.35085772949194	3.70012094067404e-216	2.96536662175777e-213	Upregulated
ENSG00000025423.11	HSD17B6	294.490478841553	3.01875012161955	1.02632990192607e-211	7.98333732830555e-209	Upregulated
ENSG00000172901.20	LVRN	147.026532470314	-5.05558870081542	1.21863886722979e-211	9.20838346332175e-209	Downregulated
ENSG00000077152.11	UBE2T	1330.39679635789	3.21560802347746	4.74368766615481e-211	3.4848974362999e-208	Upregulated
ENSG00000152253.9	SPC25	417.212073118562	2.81751050844475	1.87460105706704e-210	1.33993443665546e-207	Upregulated
ENSG00000135437.10	RDH5	83.2074251855409	-4.21338966133223	6.25673590025933e-210	4.35452353563575e-207	Downregulated
ENSG00000123485.12	HJURP	873.184520301916	3.53318271663236	3.40887924067084e-209	2.31165716097491e-206	Upregulated
ENSG00000148180.21	GSN	36567.2769785751	-2.56823380540408	2.53475235301549e-208	1.67591488700502e-205	Downregulated
ENSG00000145708.11	CRHBP	62.1325606063483	-3.89251422400553	1.63797569123696e-206	1.05657422210107e-203	Downregulated
ENSG00000165410.15	CFL2	1301.20222212617	-2.25532635964154	5.51289518089528e-205	3.47141759164613e-202	Downregulated
ENSG00000137745.12	MMP13	1682.17430056028	6.20094851634046	5.53038261060091e-204	3.40144253261773e-201	Upregulated
ENSG00000076555.15	ACACB	3695.63346309768	-3.66303854012091	7.14461249260798e-204	4.29439924072735e-201	Downregulated
ENSG00000166803.14	PCLAF	371.498178844158	3.25193430743086	1.06121541150264e-203	6.2368808862245e-201	Upregulated
ENSG00000124743.6	KLHL31	281.720179221507	-3.86204610697403	1.1513508090903e-202	6.61951627130677e-200	Downregulated
ENSG00000170312.16	CDK1	2620.65807910395	3.16439583220477	4.0236487459537e-200	2.26411571030292e-197	Upregulated
ENSG00000115306.16	SPTBN1	21387.2368092249	-2.04241134235536	9.99563375250901e-200	5.50738595526262e-197	Downregulated
ENSG00000169607.13	CKAP2L	623.558595673187	3.35609334679195	1.53108052919514e-199	8.26377280727017e-197	Upregulated
ENSG00000279204.1	AC134043.3	48.424204759401	-3.61346703641842	1.06698337188245e-197	5.64370184723501e-195	Downregulated
